theta_deg,50,66,82,98,114,130,146,162,178,194,210,227,243,259,275,291,307,323,339,355,371,387,403,419,435,451,467,483,499,515,531,548,564,580,596,612,628,644,660,676,692,708,724,740,756,772,788,804,820,836
0.0,3.077405e-33,5.074059e-33,8.252296e-33,1.323860e-32,2.094872e-32,3.269795e-32,5.034204e-32,7.645185e-32,1.145227e-31,1.692159e-31,2.466244e-31,3.545484e-31,5.027579e-31,7.032107e-31,9.701844e-31,1.320275e-30,1.772209e-30,2.346416e-30,3.064313e-30,3.947285e-30,5.015334e-30,6.285444e-30,7.769725e-30,9.473439e-30,1.139307e-29,1.351462e-29,1.581231e-29,1.824796e-29,2.077110e-29,2.332008e-29,2.582406e-29,2.820605e-29,3.038660e-29,3.228819e-29,3.383966e-29,3.498072e-29,3.566576e-29,3.586691e-29,3.557592e-29,3.480472e-29,3.358460e-29,3.196411e-29,3.000585e-29,2.778247e-29,2.537220e-29,2.285433e-29,2.030500e-29,1.779356e-29,1.537974e-29,1.311180e-29
3.1,4.541810e-31,7.489718e-31,1.218297e-30,1.954756e-30,3.093731e-30,4.829736e-30,7.437287e-30,1.129680e-29,1.692566e-29,2.501408e-29,3.646458e-29,5.243303e-29,7.436776e-29,1.040422e-28,1.435748e-28,1.954294e-28,2.623873e-28,3.474849e-28,4.539076e-28,5.848388e-28,7.432591e-28,9.317041e-28,1.151988e-27,1.404908e-27,1.689959e-27,2.005077e-27,2.346445e-27,2.708399e-27,3.083441e-27,3.462405e-27,3.834753e-27,4.189024e-27,4.513387e-27,4.796289e-27,5.027128e-27,5.196916e-27,5.298851e-27,5.328780e-27,5.285472e-27,5.170705e-27,4.989146e-27,4.748034e-27,4.456701e-27,4.125973e-27,3.767505e-27,3.393106e-27,3.014106e-27,2.640822e-27,2.282132e-27,1.945206e-27
6.2,5.445866e-29,8.982337e-29,1.461395e-28,2.345317e-28,3.712710e-28,5.797432e-28,8.929666e-28,1.356716e-27,2.033276e-27,3.005777e-27,4.382977e-27,6.304239e-27,8.944293e-27,1.251723e-26,1.727895e-26,2.352733e-26,3.159889e-26,4.186137e-26,5.470102e-26,7.050432e-26,8.963388e-26,1.123990e-25,1.390222e-25,1.696033e-25,2.040847e-25,2.422197e-25,2.835492e-25,3.273892e-25,3.728326e-25,4.187684e-25,4.639183e-25,5.068897e-25,5.462445e-25,5.805771e-25,6.085967e-25,6.292084e-25,6.415837e-25,6.452162e-25,6.399559e-25,6.260198e-25,6.039767e-25,5.747086e-25,5.393524e-25,4.992259e-25,4.557470e-25,4.103511e-25,3.644143e-25,3.191879e-25,2.757477e-25,2.349605e-25
9.3,5.305902e-27,8.753756e-27,1.424597e-26,2.286924e-26,3.621377e-26,5.656630e-26,8.715725e-26,1.324679e-25,1.985996e-25,2.937015e-25,4.284432e-25,6.165074e-25,8.750652e-25,1.225175e-24,1.692038e-24,2.305018e-24,3.097343e-24,4.105374e-24,5.367382e-24,6.921751e-24,8.804616e-24,1.104695e-23,1.367127e-23,1.668806e-23,2.009226e-23,2.386013e-23,2.794686e-23,3.228522e-23,3.678569e-23,4.133829e-23,4.581610e-23,5.008060e-23,5.398845e-23,5.739928e-23,6.018406e-23,6.223318e-23,6.346364e-23,6.382468e-23,6.330128e-23,6.191518e-23,5.972342e-23,5.681436e-23,5.330179e-23,4.931745e-23,4.500289e-23,4.050112e-23,3.594902e-23,3.147073e-23,2.717268e-23,2.314036e-23
12.4,4.201269e-25,6.933690e-25,1.128808e-24,1.812790e-24,2.871755e-24,4.487659e-24,6.917750e-24,1.051919e-23,1.577875e-23,2.334718e-23,3.407753e-23,4.906511e-23,6.968634e-23,9.763196e-23,1.349289e-22,1.839437e-22,2.473608e-22,3.281265e-22,4.293524e-22,5.541743e-22,7.055630e-22,8.860908e-22,1.097663e-21,1.341228e-21,1.616486e-21,1.921624e-21,2.253112e-21,2.605577e-21,2.971799e-21,3.342843e-21,3.708343e-21,4.056923e-21,4.376760e-21,4.656233e-21,4.884621e-21,5.052795e-21,5.153826e-21,5.183470e-21,5.140468e-21,5.026641e-21,4.846753e-21,4.608178e-21,4.320390e-21,3.994332e-21,3.641715e-21,3.274333e-21,2.903414e-21,2.539093e-21,2.190006e-21,1.863036e-21
15.5,2.704101e-23,4.464813e-23,7.272255e-23,1.168481e-22,1.852090e-22,2.895952e-22,4.466947e-22,6.797060e-22,1.020289e-21,1.510840e-21,2.207025e-21,3.180468e-21,4.521379e-21,6.340858e-21,8.772506e-21,1.197290e-20,1.612041e-20,2.141188e-20,2.805669e-20,3.626771e-20,4.624924e-20,5.818168e-20,7.220372e-20,8.839262e-20,1.067441e-19,1.271534e-19,1.493993e-19,1.731341e-19,1.978807e-19,2.230391e-19,2.479039e-19,2.716921e-19,2.935816e-19,3.127575e-19,3.284620e-19,3.400458e-19,3.470138e-19,3.490616e-19,3.460985e-19,3.382545e-19,3.258706e-19,3.094728e-19,2.897342e-19,2.674272e-19,2.433727e-19,2.183897e-19,1.932502e-19,1.686429e-19,1.451466e-19,1.232149e-19
18.6,1.415138e-21,2.337973e-21,3.810538e-21,6.126920e-21,9.718738e-21,1.520871e-20,2.347971e-20,3.576140e-20,5.373552e-20,7.965950e-20,1.165059e-19,1.681116e-19,2.393280e-19,3.361573e-19,4.658569e-19,6.369896e-19,8.593916e-19,1.144031e-18,1.502729e-18,1.947720e-18,2.491030e-18,3.143674e-18,3.914679e-18,4.809967e-18,5.831144e-18,6.974301e-18,8.228909e-18,9.576974e-18,1.099257e-17,1.244195e-17,1.388428e-17,1.527314e-17,1.655879e-17,1.769103e-17,1.862251e-17,1.931212e-17,1.972822e-17,1.985123e-17,1.967521e-17,1.920847e-17,1.847278e-17,1.750164e-17,1.633751e-17,1.502859e-17,1.362533e-17,1.217723e-17,1.072997e-17,9.323319e-18,7.989739e-18,6.753749e-18
21.7,6.023419e-20,9.959311e-20,1.624623e-19,2.614679e-19,4.151768e-19,6.504339e-19,1.005394e-18,1.533349e-18,2.307422e-18,3.426147e-18,5.019859e-18,7.257706e-18,1.035495e-17,1.458004e-17,2.026074e-17,2.778842e-17,3.761946e-17,5.027233e-17,6.631929e-17,8.637097e-17,1.110525e-16,1.409703e-16,1.766678e-16,2.185716e-16,2.669270e-16,3.217279e-16,3.826449e-16,4.489583e-16,5.195086e-16,5.926729e-16,6.663803e-16,7.381755e-16,8.053343e-16,8.650273e-16,9.145230e-16,9.514062e-16,9.737906e-16,9.804933e-16,9.711499e-16,9.462505e-16,9.070930e-16,8.556595e-16,7.944337e-16,7.261861e-16,6.537539e-16,5.798415e-16,5.068609e-16,4.368230e-16,3.712810e-16,3.113213e-16
24.8,2.085997e-18,3.452688e-18,5.638758e-18,9.086628e-18,1.444865e-17,2.267099e-17,3.510335e-17,5.363889e-17,8.088842e-17,1.203911e-16,1.768624e-16,2.564759e-16,3.671731e-16,5.189894e-16,7.243781e-16,9.985102e-16,1.359516e-15,1.828622e-15,2.430138e-15,3.191194e-15,4.141162e-15,5.310623e-15,6.729758e-15,8.426062e-15,1.042128e-14,1.272763e-14,1.534346e-14,1.824869e-14,2.140071e-14,2.473145e-14,2.814647e-14,3.152695e-14,3.473496e-14,3.762225e-14,4.004171e-14,4.186054e-14,4.297334e-14,4.331314e-14,4.285877e-14,4.163729e-14,3.972099e-14,3.721965e-14,3.426905e-14,3.101784e-14,2.761433e-14,2.419515e-14,2.087683e-14,1.775081e-14,1.488183e-14,1.230915e-14
27.9,5.880115e-17,9.746093e-17,1.594130e-16,2.573264e-16,4.099533e-16,6.446139e-16,1.000485e-15,1.532865e-15,2.318586e-15,3.462755e-15,5.106968e-15,7.439138e-15,1.070503e-14,1.522157e-14,2.139184e-14,2.972159e-14,4.083678e-14,5.550098e-14,7.463064e-14,9.930483e-14,1.307643e-13,1.703920e-13,2.196669e-13,2.800800e-13,3.530041e-13,4.395140e-13,5.401599e-13,6.547115e-13,7.819019e-13,9.192171e-13,1.062780e-12,1.207386e-12,1.346714e-12,1.473749e-12,1.581356e-12,1.662981e-12,1.713345e-12,1.729059e-12,1.709028e-12,1.654586e-12,1.569339e-12,1.458735e-12,1.329445e-12,1.188653e-12,1.043366e-12,8.998386e-13,7.631722e-13,6.371144e-13,5.240415e-13,4.250864e-13
31.0,1.349705e-15,2.241110e-15,3.673065e-15,5.942476e-15,9.491117e-15,1.496661e-14,2.330449e-14,3.583701e-14,5.443515e-14,8.169186e-14,1.211560e-13,1.776285e-13,2.575362e-13,3.693988e-13,5.244103e-13,7.371511e-13,1.026440e-12,1.416310e-12,1.937055e-12,2.626215e-12,3.529279e-12,4.699766e-12,6.198225e-12,8.089625e-12,1.043863e-11,1.330242e-11,1.672105e-11,2.070599e-11,2.522804e-11,3.020665e-11,3.550296e-11,4.091912e-11,4.620591e-11,5.107926e-11,5.524496e-11,5.842878e-11,6.040768e-11,6.103710e-11,6.026947e-11,5.816047e-11,5.486196e-11,5.060273e-11,4.566073e-11,4.033165e-11,3.489888e-11,2.960915e-11,2.465645e-11,2.017506e-11,1.624075e-11,1.287820e-11
34.1,2.523676e-14,4.199991e-14,6.901282e-14,1.119770e-13,1.794348e-13,2.840115e-13,4.441253e-13,6.863144e-13,1.048382e-12,1.583623e-12,2.366498e-12,3.500237e-12,5.127045e-12,7.441755e-12,1.070997e-11,1.529176e-11,2.167190e-11,3.049673e-11,4.261653e-11,5.912958e-11,8.142075e-11,1.111826e-10,1.504029e-10,2.012981e-10,2.661733e-10,3.471926e-10,4.460570e-10,5.636057e-10,6.993815e-10,8.512263e-10,1.014995e-09,1.184479e-09,1.351614e-09,1.507013e-09,1.640805e-09,1.743682e-09,1.808005e-09,1.828786e-09,1.804359e-09,1.736611e-09,1.630732e-09,1.494515e-09,1.337369e-09,1.169203e-09,9.993797e-10,8.358886e-10,6.848288e-10,5.502151e-10,4.340712e-10,3.367302e-10
37.2,3.844834e-13,6.416765e-13,1.057750e-12,1.722481e-12,2.771539e-12,4.407504e-12,6.929516e-12,1.077490e-11,1.657749e-11,2.524936e-11,3.809574e-11,5.697692e-11,8.453653e-11,1.245220e-10,1.822298e-10,2.651109e-10,3.835717e-10,5.519865e-10,7.899042e-10,1.123366e-09,1.586151e-09,2.220654e-09,3.077937e-09,4.216426e-09,5.698657e-09,7.585587e-09,9.928298e-09,1.275738e-08,1.607099e-08,1.982328e-08,2.391556e-08,2.819273e-08,3.244746e-08,3.643340e-08,3.988730e-08,4.255769e-08,4.423615e-08,4.478543e-08,4.415908e-08,4.240832e-08,3.967466e-08,3.616992e-08,3.214771e-08,2.787211e-08,2.358894e-08,1.950389e-08,1.576960e-08,1.248187e-08,9.683588e-09,7.373875e-09
40.3,4.772905e-12,7.992481e-12,1.322528e-11,2.163010e-11,3.497585e-11,5.593543e-11,8.851127e-11,1.386514e-10,2.151430e-10,3.309124e-10,5.049263e-10,7.649755e-10,1.151747e-09,1.724737e-09,2.570705e-09,3.815498e-09,5.640041e-09,8.301047e-09,1.215632e-08,1.769323e-08,2.555715e-08,3.657376e-08,5.175678e-08,7.228953e-08,9.946822e-08,1.345956e-07,1.788193e-07,2.329176e-07,2.970489e-07,3.704974e-07,4.514603e-07,5.369340e-07,6.227550e-07,7.038395e-07,7.746304e-07,8.297179e-07,8.645469e-07,8.760795e-07,8.632717e-07,8.272439e-07,7.711039e-07,6.994645e-07,6.177741e-07,5.316061e-07,4.460375e-07,3.652045e-07,2.920686e-07,2.283828e-07,1.748115e-07,1.311490e-07
43.4,4.826400e-11,8.113230e-11,1.348376e-10,2.216213e-10,3.603780e-10,5.800240e-10,9.245020e-10,1.460227e-09,2.287208e-09,3.555745e-09,5.491569e-09,8.433740e-09,1.289153e-08,1.962890e-08,2.978792e-08,4.506430e-08,6.794916e-08,1.020476e-07,1.524756e-07,2.263191e-07,3.331105e-07,4.852395e-07,6.981704e-07,9.902977e-07,1.382243e-06,1.895403e-06,2.549621e-06,3.359948e-06,4.332654e-06,5.460885e-06,6.720606e-06,8.067762e-06,9.437715e-06,1.074798e-05,1.190491e-05,1.281420e-05,1.339403e-05,1.358854e-05,1.337804e-05,1.278298e-05,1.186006e-05,1.069188e-05,9.373378e-06,7.998567e-06,6.649939e-06,5.391813e-06,4.267686e-06,3.300898e-06,2.497589e-06,1.850835e-06
46.6,3.972881e-10,6.706583e-10,1.119895e-09,1.850537e-09,3.027317e-09,4.905546e-09,7.878757e-09,1.255122e-08,1.984877e-08,3.118905e-08,4.874339e-08,7.583949e-08,1.175765e-07,1.817536e-07,2.802442e-07,4.309801e-07,6.607184e-07,1.008744e-06,1.531570e-06,2.308505e-06,3.447687e-06,5.091721e-06,7.421610e-06,1.065713e-05,1.505140e-05,2.087737e-05,2.840379e-05,3.785952e-05,4.938581e-05,6.297897e-05,7.842945e-05,9.526736e-05,1.127297e-04,1.297664e-04,1.451031e-04,1.573729e-04,1.653175e-04,1.680314e-04,1.651814e-04,1.570990e-04,1.446939e-04,1.292352e-04,1.121019e-04,9.457712e-05,7.771404e-05,6.227360e-05,4.871962e-05,3.725358e-05,2.787068e-05,2.042210e-05
49.7,2.659267e-09,4.508678e-09,7.565579e-09,1.256974e-08,2.068795e-08,3.374953e-08,5.460965e-08,8.771178e-08,1.399617e-07,2.220900e-07,3.507794e-07,5.519762e-07,8.660081e-07,1.355389e-06,2.116495e-06,3.296584e-06,5.117818e-06,7.909848e-06,1.215193e-05,1.852427e-05,2.796597e-05,4.173407e-05,6.145405e-05,8.914816e-05,1.272238e-04,1.784000e-04,2.455471e-04,3.314116e-04,4.382017e-04,5.670239e-04,7.171901e-04,8.854629e-04,1.065358e-03,1.246673e-03,1.415501e-03,1.555107e-03,1.648190e-03,1.680949e-03,1.647880e-03,1.554169e-03,1.413553e-03,1.243527e-03,1.061105e-03,8.803947e-04,7.116797e-04,5.614397e-04,4.328515e-04,3.265165e-04,2.412375e-04,1.747283e-04
52.8,1.445357e-08,2.461012e-08,4.149127e-08,6.929470e-08,1.147011e-07,1.882852e-07,3.067183e-07,4.962141e-07,7.979376e-07,1.276514e-06,2.033417e-06,3.227957e-06,5.109936e-06,8.069763e-06,1.271395e-05,1.997606e-05,3.127486e-05,4.873179e-05,7.545746e-05,1.159111e-04,1.763262e-04,2.651807e-04,3.936709e-04,5.761264e-04,8.302734e-04,1.177210e-03,1.640893e-03,2.246859e-03,3.019827e-03,3.979904e-03,5.137198e-03,6.484844e-03,7.990342e-03,9.585215e-03,1.115404e-02,1.252717e-02,1.349142e-02,1.384662e-02,1.350437e-02,1.254479e-02,1.116575e-02,9.584460e-03,7.976343e-03,6.460418e-03,5.106283e-03,3.946234e-03,2.986408e-03,2.215793e-03,1.613407e-03,1.153816e-03
55.9,6.368429e-08,1.088605e-07,1.843190e-07,3.092621e-07,5.144677e-07,8.490053e-07,1.390785e-06,2.263156e-06,3.661069e-06,5.892373e-06,9.442958e-06,1.507912e-05,2.400717e-05,3.811914e-05,6.036448e-05,9.529950e-05,1.498776e-04,2.345497e-04,3.647435e-04,5.627747e-04,8.602212e-04,1.300752e-03,1.943363e-03,2.865899e-03,4.168630e-03,5.977359e-03,8.445062e-03,1.175041e-02,1.609103e-02,2.166954e-02,2.867024e-02,3.722199e-02,4.733454e-02,5.878735e-02,7.094483e-02,8.248042e-02,9.119209e-02,9.458089e-02,9.143698e-02,8.285018e-02,7.128252e-02,5.899488e-02,4.739816e-02,3.717487e-02,2.855384e-02,2.151824e-02,1.592991e-02,1.159608e-02,8.307028e-03,5.859745e-03
59.0,2.270891e-07,3.894756e-07,6.618116e-07,1.114659e-06,1.861678e-06,3.084922e-06,5.074660e-06,8.292068e-06,1.346800e-05,2.175868e-05,3.499067e-05,5.604520e-05,8.945624e-05,1.423311e-04,2.257445e-04,3.568072e-04,5.616617e-04,8.797038e-04,1.369360e-03,2.115777e-03,3.240786e-03,4.915576e-03,7.376557e-03,1.094495e-02,1.605036e-02,2.325766e-02,3.329459e-02,4.707524e-02,6.571466e-02,9.053293e-02,1.230445e-01,1.648945e-01,2.176169e-01,2.819840e-01,3.564737e-01,4.338581e-01,4.970231e-01,5.228126e-01,4.992619e-01,4.373207e-01,3.597739e-01,2.842373e-01,2.187179e-01,1.651513e-01,1.227980e-01,9.002950e-02,6.511395e-02,4.647549e-02,3.275022e-02,2.279260e-02
62.1,6.543076e-07,1.125067e-06,1.916911e-06,3.237562e-06,5.422555e-06,9.010530e-06,1.486156e-05,2.434287e-05,3.962001e-05,6.411317e-05,1.032108e-04,1.653820e-04,2.638983e-04,4.194734e-04,6.642524e-04,1.047736e-03,1.645394e-03,2.570916e-03,3.993232e-03,6.159715e-03,9.427334e-03,1.430422e-02,2.150502e-02,3.202441e-02,4.723350e-02,6.900226e-02,9.984772e-02,1.431079e-01,2.031561e-01,2.856999e-01,3.982057e-01,5.503015e-01,7.535909e-01,1.019784e+00,1.353661e+00,1.730337e+00,2.058929e+00,2.197776e+00,2.070602e+00,1.748765e+00,1.371573e+00,1.032270e+00,7.600822e-01,5.525670e-01,3.980842e-01,2.844016e-01,2.013884e-01,1.412750e-01,9.816446e-02,6.756220e-02
65.2,1.521333e-06,2.620265e-06,4.472010e-06,7.565567e-06,1.269144e-05,2.111871e-05,3.487202e-05,5.716349e-05,9.306441e-05,1.505480e-04,2.421038e-04,3.872279e-04,6.162428e-04,9.761043e-04,1.539127e-03,2.415899e-03,3.774065e-03,5.865153e-03,9.062217e-03,1.391197e-02,2.120646e-02,3.208171e-02,4.815389e-02,7.170773e-02,1.059548e-01,1.553798e-01,2.261941e-01,3.269386e-01,4.693516e-01,6.697547e-01,9.512146e-01,1.346204e+00,1.898414e+00,2.661252e+00,3.679474e+00,4.902477e+00,6.021637e+00,6.504438e+00,6.057076e+00,4.959914e+00,3.736446e+00,2.701244e+00,1.919249e+00,1.353809e+00,9.516633e-01,6.668333e-01,4.651202e-01,3.225035e-01,2.221197e-01,1.519037e-01
68.3,2.851862e-06,4.915399e-06,8.394487e-06,1.420882e-05,2.384365e-05,3.967908e-05,6.550156e-05,1.072942e-04,1.744531e-04,2.816508e-04,4.516843e-04,7.198054e-04,1.140273e-03,1.796188e-03,2.814123e-03,4.385579e-03,6.798049e-03,1.047927e-02,1.605945e-02,2.445793e-02,3.700356e-02,5.560235e-02,8.297258e-02,1.229753e-01,1.810756e-01,2.649760e-01,3.854782e-01,5.576941e-01,8.029084e-01,1.151694e+00,1.648925e+00,2.360368e+00,3.379067e+00,4.828964e+00,6.836479e+00,9.339870e+00,1.169557e+01,1.272188e+01,1.175859e+01,9.445189e+00,6.943243e+00,4.904080e+00,3.417345e+00,2.373401e+00,1.648707e+00,1.145525e+00,7.946011e-01,5.492146e-01,3.777921e-01,2.584668e-01
71.4,4.308235e-06,7.423730e-06,1.267314e-05,2.143828e-05,3.594491e-05,5.974772e-05,9.847685e-05,1.609792e-04,2.610517e-04,4.200589e-04,6.708656e-04,1.063714e-03,1.674957e-03,2.619945e-03,4.071871e-03,6.289046e-03,9.653862e-03,1.472778e-02,2.232802e-02,3.363371e-02,5.033251e-02,7.482391e-02,1.105028e-01,1.621557e-01,2.365120e-01,3.429993e-01,4.947766e-01,7.102040e-01,1.015139e+00,1.446812e+00,2.060055e+00,2.935504e+00,4.188072e+00,5.974570e+00,8.464719e+00,1.160040e+01,1.457507e+01,1.587211e+01,1.464120e+01,1.171407e+01,8.581817e+00,6.056164e+00,4.227236e+00,2.945641e+00,2.055289e+00,1.435718e+00,1.002152e+00,6.975688e-01,4.835595e-01,3.335831e-01
74.5,5.245062e-06,9.027547e-06,1.538984e-05,2.599153e-05,4.349528e-05,7.213338e-05,1.185712e-04,1.932111e-04,3.121447e-04,5.000520e-04,7.944756e-04,1.252078e-03,1.957739e-03,3.037679e-03,4.678230e-03,7.152428e-03,1.085723e-02,1.636502e-02,2.449405e-02,3.640409e-02,5.372571e-02,7.873530e-02,1.145930e-01,1.656663e-01,2.379670e-01,3.397338e-01,4.822050e-01,6.806847e-01,9.561662e-01,1.338014e+00,1.868155e+00,2.606262e+00,3.634414e+00,5.060696e+00,6.997153e+00,9.385879e+00,1.162285e+01,1.258999e+01,1.166374e+01,9.457237e+00,7.070368e+00,5.109243e+00,3.653464e+00,2.605219e+00,1.857056e+00,1.323060e+00,9.406333e-01,6.662417e-01,4.696160e-01,3.292250e-01
77.6,5.148655e-06,8.844086e-06,1.504319e-05,2.534137e-05,4.228522e-05,6.989879e-05,1.144769e-04,1.857676e-04,2.987155e-04,4.760056e-04,7.517368e-04,1.176678e-03,1.825720e-03,2.808332e-03,4.283114e-03,6.477801e-03,9.716462e-03,1.445599e-02,2.133446e-02,3.123448e-02,4.536551e-02,6.537039e-02,9.346286e-02,1.326044e-01,1.867288e-01,2.610213e-01,3.622594e-01,4.992398e-01,6.833747e-01,9.296247e-01,1.257864e+00,1.694243e+00,2.271519e+00,3.027760e+00,3.994073e+00,5.123035e+00,6.141211e+00,6.572405e+00,6.155286e+00,5.147230e+00,4.017267e+00,3.039722e+00,2.270749e+00,1.684970e+00,1.244571e+00,9.152046e-01,6.694453e-01,4.866516e-01,3.513870e-01,2.519386e-01
80.7,4.078595e-06,6.987302e-06,1.184949e-05,1.989514e-05,3.307550e-05,5.445287e-05,8.878127e-05,1.433601e-04,2.292734e-04,3.631644e-04,5.697450e-04,8.852996e-04,1.362515e-03,2.077055e-03,3.136401e-03,4.691567e-03,6.952407e-03,1.020730e-02,1.484799e-02,2.140047e-02,3.056257e-02,4.324908e-02,6.064486e-02,8.426613e-02,1.160286e-01,1.583182e-01,2.140580e-01,2.867633e-01,3.805889e-01,5.003865e-01,6.517577e-01,8.409207e-01,1.073991e+00,1.355378e+00,1.683451e+00,2.033941e+00,2.329348e+00,2.449628e+00,2.331044e+00,2.036364e+00,1.684138e+00,1.352279e+00,1.067160e+00,8.317415e-01,6.416396e-01,4.903136e-01,3.711679e-01,2.783330e-01,2.067664e-01,1.521819e-01
83.8,2.610423e-06,4.457775e-06,7.532950e-06,1.259825e-05,2.085459e-05,3.417237e-05,5.543116e-05,8.901217e-05,1.415016e-04,2.226793e-04,3.468879e-04,5.348958e-04,8.163928e-04,1.233276e-03,1.843897e-03,2.728456e-03,3.995699e-03,5.791051e-03,8.306214e-03,1.179014e-02,1.656110e-02,2.301923e-02,3.165874e-02,4.307827e-02,5.798722e-02,7.720458e-02,1.016455e-01,1.322894e-01,1.701253e-01,2.160703e-01,2.708547e-01,3.348384e-01,4.076865e-01,4.878553e-01,5.717445e-01,6.516528e-01,7.127703e-01,7.360568e-01,7.120203e-01,6.500509e-01,5.690671e-01,4.840129e-01,4.029068e-01,3.295276e-01,2.654049e-01,2.107838e-01,1.652109e-01,1.278748e-01,9.779209e-02,7.392324e-02
86.9,1.351705e-06,2.300078e-06,3.871519e-06,6.446891e-06,1.062166e-05,1.731566e-05,2.793251e-05,4.458741e-05,7.042719e-05,1.100722e-04,1.702149e-04,2.604149e-04,3.941330e-04,5.900459e-04,8.736777e-04,1.279369e-03,1.852583e-03,2.652494e-03,3.754771e-03,5.254355e-03,7.267945e-03,9.935776e-03,1.342212e-02,1.791377e-02,2.361560e-02,3.074196e-02,3.950275e-02,5.008260e-02,6.261222e-02,7.713178e-02,9.354690e-02,1.115767e-01,1.306919e-01,1.500459e-01,1.684084e-01,1.840865e-01,1.948991e-01,1.986614e-01,1.944007e-01,1.831078e-01,1.669863e-01,1.482507e-01,1.286304e-01,1.093712e-01,9.131217e-02,7.496326e-02,6.058197e-02,4.823916e-02,3.787332e-02,2.933597e-02
90.0,5.670649e-07,9.613264e-07,1.611465e-06,2.671338e-06,4.379586e-06,7.101697e-06,1.139027e-05,1.806986e-05,2.835429e-05,4.400559e-05,6.754492e-05,1.025260e-04,1.538806e-04,2.283428e-04,3.349536e-04,4.856376e-04,6.958317e-04,9.851270e-04,1.377861e-03,1.903574e-03,2.597202e-03,3.498859e-03,4.653024e-03,6.106916e-03,7.907872e-03,1.009949e-02,1.271644e-02,1.577784e-02,1.927948e-02,2.318513e-02,2.741808e-02,3.185376e-02,3.631515e-02,4.057273e-02,4.435211e-02,4.735163e-02,4.927442e-02,4.988745e-02,4.910245e-02,4.701790e-02,4.387624e-02,3.998237e-02,3.564344e-02,3.113555e-02,2.668639e-02,2.246869e-02,1.860128e-02,1.515457e-02,1.215864e-02,9.612235e-03
