theta_deg,50,71,92,113,134,155,176,198,219,240,261,282,303,324,345,366,387,408,429,451,472,493,514,535,556,577,598,619,640,661,682,703,725,746,767,788,809,830,851,872,893,914,935,956,978,999,1020,1041,1062,1083
0.0,3.466343e-24,6.941704e-24,1.364148e-23,2.630618e-23,4.978000e-23,9.243853e-23,1.684431e-22,3.012017e-22,5.285307e-22,9.101208e-22,1.538002e-21,2.550729e-21,4.151962e-21,6.633948e-21,1.040615e-20,1.602900e-20,2.425245e-20,3.605933e-20,5.271345e-20,7.581375e-20,1.073554e-19,1.497979e-19,2.061336e-19,2.799394e-19,3.753731e-19,4.970532e-19,6.497366e-19,8.377119e-19,1.063854e-18,1.328377e-18,1.627458e-18,1.952037e-18,2.287225e-18,2.612735e-18,2.904581e-18,3.137989e-18,3.291064e-18,3.348447e-18,3.304075e-18,3.162326e-18,2.937226e-18,2.649945e-18,2.325220e-18,1.987600e-18,1.658325e-18,1.353360e-18,1.082745e-18,8.510315e-19,6.584322e-19,5.022234e-19
3.1,1.065030e-22,2.133499e-22,4.194027e-22,8.090568e-22,1.531570e-21,2.845163e-21,5.186734e-21,9.279085e-21,1.629123e-20,2.807127e-20,4.747501e-20,7.881666e-20,1.284710e-19,2.056602e-19,3.234697e-19,5.001581e-19,7.608762e-19,1.139992e-18,1.684342e-18,2.457874e-18,3.548217e-18,5.075636e-18,7.204259e-18,1.015431e-17,1.421207e-17,1.973180e-17,2.712128e-17,3.680197e-17,4.913714e-17,6.432854e-17,8.229402e-17,1.025524e-16,1.241527e-16,1.456856e-16,1.654027e-16,1.814423e-16,1.921243e-16,1.962519e-16,1.933420e-16,1.837221e-16,1.684660e-16,1.491866e-16,1.277424e-16,1.059334e-16,8.525598e-17,6.675979e-17,5.101499e-17,3.816995e-17,2.806174e-17,2.034113e-17
6.2,2.718153e-21,5.446903e-21,1.071132e-20,2.067072e-20,3.914637e-20,7.275407e-20,1.326981e-19,2.375381e-19,4.173460e-19,7.197923e-19,1.218851e-18,2.027017e-18,3.312272e-18,5.321674e-18,8.414785e-18,1.311264e-17,2.017254e-17,3.070618e-17,4.636895e-17,6.965992e-17,1.043804e-16,1.562937e-16,2.339948e-16,3.499183e-16,5.212746e-16,7.705179e-16,1.124768e-15,1.613522e-15,2.264129e-15,3.094982e-15,4.107169e-15,5.276332e-15,6.547238e-15,7.833770e-15,9.026158e-15,1.000552e-14,1.066339e-14,1.092183e-14,1.074901e-14,1.016576e-14,9.241363e-15,8.079598e-15,6.799172e-15,5.513564e-15,4.315066e-15,3.265841e-15,2.396467e-15,1.710441e-15,1.192025e-15,8.147923e-16
9.3,5.762136e-20,1.155083e-19,2.272333e-19,4.386971e-19,8.311905e-19,1.545593e-18,2.820816e-18,5.053409e-18,8.887854e-18,1.535074e-17,2.604752e-17,4.345020e-17,7.132346e-17,1.153748e-16,1.842913e-16,2.914686e-16,4.579936e-16,7.178424e-16,1.126833e-15,1.777531e-15,2.822847e-15,4.510895e-15,7.232095e-15,1.157539e-14,1.838318e-14,2.878469e-14,4.417699e-14,6.611771e-14,9.609926e-14,1.351986e-13,1.836384e-13,2.403492e-13,3.026638e-13,3.662906e-13,4.256674e-13,4.747061e-13,5.078103e-13,5.209369e-13,5.124209e-13,4.833287e-13,4.372340e-13,3.794823e-13,3.161579e-13,2.530295e-13,1.947266e-13,1.442919e-13,1.031290e-13,7.125895e-14,4.774337e-14,3.113553e-14
12.4,1.014523e-18,2.034483e-18,4.003967e-18,7.733603e-18,1.466046e-17,2.727845e-17,4.982571e-17,8.935920e-17,1.574072e-16,2.724867e-16,4.639489e-16,7.779700e-16,1.287241e-15,2.107443e-15,3.426643e-15,5.559552e-15,9.048725e-15,1.485118e-14,2.467240e-14,4.153784e-14,7.071593e-14,1.211058e-13,2.071439e-13,3.511257e-13,5.855498e-13,9.546813e-13,1.514101e-12,2.326747e-12,3.454167e-12,4.942611e-12,6.805310e-12,9.004397e-12,1.143783e-11,1.393724e-11,1.628132e-11,1.822532e-11,1.954256e-11,2.006826e-11,1.973407e-11,1.858302e-11,1.676016e-11,1.448195e-11,1.199334e-11,9.524708e-12,7.258739e-12,5.313171e-12,3.739637e-12,2.534813e-12,1.657965e-12,1.049245e-12
15.5,1.483461e-17,2.976041e-17,5.859587e-17,1.132353e-16,2.147926e-16,3.999833e-16,7.313959e-16,1.313776e-15,2.319655e-15,4.029911e-15,6.899466e-15,1.166821e-14,1.955865e-14,3.264686e-14,5.458410e-14,9.201950e-14,1.573811e-13,2.741725e-13,4.866710e-13,8.768130e-13,1.591858e-12,2.886532e-12,5.181733e-12,9.137191e-12,1.572670e-11,2.629184e-11,4.253623e-11,6.641388e-11,9.987013e-11,1.444206e-10,2.006036e-10,2.674065e-10,3.418260e-10,4.187492e-10,4.913154e-10,5.518117e-10,5.929931e-10,6.095343e-10,5.992026e-10,5.633765e-10,5.067303e-10,4.361913e-10,3.595117e-10,2.838750e-10,2.148749e-10,1.560225e-10,1.087642e-10,7.286634e-11,4.697798e-11,2.919910e-11
18.6,1.801316e-16,3.615198e-16,7.121462e-16,1.377017e-15,2.614007e-15,4.872820e-15,8.923614e-15,1.606509e-14,2.846310e-14,4.971460e-14,8.582783e-14,1.470239e-13,2.512371e-13,4.311976e-13,7.490259e-13,1.326198e-12,2.403790e-12,4.459527e-12,8.425392e-12,1.607130e-11,3.064097e-11,5.783152e-11,1.071747e-10,1.937726e-10,3.401377e-10,5.775921e-10,9.463529e-10,1.493220e-09,2.265875e-09,3.303349e-09,4.623237e-09,6.207591e-09,7.990824e-09,9.854085e-09,1.163085e-08,1.312694e-08,1.415419e-08,1.457077e-08,1.431596e-08,1.342622e-08,1.202576e-08,1.029554e-08,8.432732e-09,6.614004e-09,4.971496e-09,3.583744e-09,2.479089e-09,1.646851e-09,1.051488e-09,6.460441e-10
21.7,1.816204e-15,3.646661e-15,7.187240e-15,1.390682e-14,2.642400e-14,4.932334e-14,9.050710e-14,1.634426e-13,2.909762e-13,5.120719e-13,8.944010e-13,1.559287e-12,2.733494e-12,4.859506e-12,8.831138e-12,1.648948e-11,3.163773e-11,6.203976e-11,1.231775e-10,2.449435e-10,4.828428e-10,9.354307e-10,1.769190e-09,3.250289e-09,5.779194e-09,9.919032e-09,1.640313e-08,2.610367e-08,3.994439e-08,5.874681e-08,8.300989e-08,1.126376e-07,1.466527e-07,1.829736e-07,2.183822e-07,2.488200e-07,2.700899e-07,2.788631e-07,2.736576e-07,2.553271e-07,2.267882e-07,1.921340e-07,1.555785e-07,1.206356e-07,8.970570e-08,6.403390e-08,4.390316e-08,2.892252e-08,1.831470e-08,1.115467e-08
24.8,1.520406e-14,3.054134e-14,6.022919e-14,1.166309e-13,2.218562e-13,4.148128e-13,7.631313e-13,1.383648e-12,2.478836e-12,4.405096e-12,7.808751e-12,1.391163e-11,2.513173e-11,4.644848e-11,8.838536e-11,1.733864e-10,3.490183e-10,7.142263e-10,1.469139e-09,3.004567e-09,6.053184e-09,1.192729e-08,2.286240e-08,4.246426e-08,7.621453e-08,1.319305e-07,2.200163e-07,3.533123e-07,5.463537e-07,8.138308e-07,1.167942e-06,1.614217e-06,2.145635e-06,2.735983e-06,3.335076e-06,3.869875e-06,4.255795e-06,4.419563e-06,4.326416e-06,3.995424e-06,3.491298e-06,2.898864e-06,2.297099e-06,1.743839e-06,1.271967e-06,8.930475e-07,6.039804e-07,3.934682e-07,2.468268e-07,1.490683e-07
27.9,1.056653e-13,2.123564e-13,4.190416e-13,8.121731e-13,1.546946e-12,2.898168e-12,5.348362e-12,9.744475e-12,1.758974e-11,3.162014e-11,5.701090e-11,1.040153e-10,1.938691e-10,3.720382e-10,7.375478e-10,1.506303e-09,3.143255e-09,6.627216e-09,1.395704e-08,2.906864e-08,5.939822e-08,1.183681e-07,2.290338e-07,4.289520e-07,7.759884e-07,1.354388e-06,2.280229e-06,3.705505e-06,5.819969e-06,8.847527e-06,1.302779e-05,1.856628e-05,2.553903e-05,3.375653e-05,4.261599e-05,5.100150e-05,5.736745e-05,6.018301e-05,5.865618e-05,5.320332e-05,4.520478e-05,3.628783e-05,2.774372e-05,2.033573e-05,1.436342e-05,9.809605e-06,6.487848e-06,4.154366e-06,2.572220e-06,1.537723e-06
31.0,6.095900e-13,1.225679e-12,2.420216e-12,4.695279e-12,8.956042e-12,1.681650e-11,3.114196e-11,5.704696e-11,1.038301e-10,1.889551e-10,3.466800e-10,6.474231e-10,1.241841e-09,2.460815e-09,5.038452e-09,1.059639e-08,2.266031e-08,4.870880e-08,1.041164e-07,2.193540e-07,4.523821e-07,9.086098e-07,1.770740e-06,3.339998e-06,6.089013e-06,1.072681e-05,1.828081e-05,3.020881e-05,4.855099e-05,7.608519e-05,1.163350e-04,1.731698e-04,2.497871e-04,3.469966e-04,4.604850e-04,5.768621e-04,6.715428e-04,7.156283e-04,6.927163e-04,6.111890e-04,4.978969e-04,3.806137e-04,2.767837e-04,1.932803e-04,1.304835e-04,8.561321e-05,5.477146e-05,3.418093e-05,2.076692e-05,1.224638e-05
34.1,2.918973e-12,5.871738e-12,1.160183e-11,2.252965e-11,4.303815e-11,8.099760e-11,1.505326e-10,2.772599e-10,5.087652e-10,9.367858e-10,1.746354e-09,3.327656e-09,6.532732e-09,1.326044e-08,2.776515e-08,5.950718e-08,1.291571e-07,2.807572e-07,6.052725e-07,1.283948e-06,2.663730e-06,5.380529e-06,1.054792e-05,2.002938e-05,3.681871e-05,6.558686e-05,1.135396e-04,1.918475e-04,3.178844e-04,5.179881e-04,8.293548e-04,1.299122e-03,1.980038e-03,2.920270e-03,4.128988e-03,5.492433e-03,6.690584e-03,7.277849e-03,6.981875e-03,5.939769e-03,4.577148e-03,3.284652e-03,2.245794e-03,1.481597e-03,9.490654e-04,5.934521e-04,3.640759e-04,2.196546e-04,1.301242e-04,7.537153e-05
37.2,1.160013e-11,2.334395e-11,4.615201e-11,8.970302e-11,1.715949e-10,3.236286e-10,6.034208e-10,1.116860e-09,2.063985e-09,3.837790e-09,7.245507e-09,1.401493e-08,2.795803e-08,5.762168e-08,1.222149e-07,2.645238e-07,5.781670e-07,1.263012e-06,2.733126e-06,5.817188e-06,1.211113e-05,2.456416e-05,4.840051e-05,9.251484e-05,1.715981e-04,3.096082e-04,5.459727e-04,9.468910e-04,1.623986e-03,2.759088e-03,4.628473e-03,7.625113e-03,1.229855e-02,1.937941e-02,2.947626e-02,4.197847e-02,5.373369e-02,5.973416e-02,5.676584e-02,4.643653e-02,3.362393e-02,2.243401e-02,1.430480e-02,8.886120e-03,5.401827e-03,3.219541e-03,1.890462e-03,1.098645e-03,6.320825e-04,3.584504e-04
40.3,3.825537e-11,7.700883e-11,1.523214e-10,2.962712e-10,5.673709e-10,1.071876e-09,2.003652e-09,3.722283e-09,6.914469e-09,1.294399e-08,2.463719e-08,4.807682e-08,9.670839e-08,2.006522e-07,4.274480e-07,9.271584e-07,2.027571e-06,4.428271e-06,9.580759e-06,2.040004e-05,4.253187e-05,8.649595e-05,1.711509e-04,3.291885e-04,6.161343e-04,1.126406e-03,2.024198e-03,3.602209e-03,6.381142e-03,1.124924e-02,1.963491e-02,3.380157e-02,5.754251e-02,9.701207e-02,1.588726e-01,2.414271e-01,3.229553e-01,3.657291e-01,3.447765e-01,2.725727e-01,1.863339e-01,1.156683e-01,6.865314e-02,4.018540e-02,2.330351e-02,1.333318e-02,7.537108e-03,4.232486e-03,2.367000e-03,1.313907e-03
43.4,1.046850e-10,2.107728e-10,4.170240e-10,8.114917e-10,1.555103e-09,2.940910e-09,5.505584e-09,1.024891e-08,1.908828e-08,3.584259e-08,6.842928e-08,1.338440e-07,2.694620e-07,5.584545e-07,1.186016e-06,2.561039e-06,5.572414e-06,1.211211e-05,2.610419e-05,5.544616e-05,1.155063e-04,2.351363e-04,4.666331e-04,9.021235e-04,1.701778e-03,3.146800e-03,5.745071e-03,1.043581e-02,1.894141e-02,3.428447e-02,6.155724e-02,1.096528e-01,1.956562e-01,3.506054e-01,6.118452e-01,9.790166e-01,1.353396e+00,1.553253e+00,1.455789e+00,1.122435e+00,7.339835e-01,4.290290e-01,2.388773e-01,1.325826e-01,7.398100e-02,4.108546e-02,2.260945e-02,1.238066e-02,6.772759e-03,3.694034e-03
46.6,2.376933e-10,4.785902e-10,9.469779e-10,1.842937e-09,3.532279e-09,6.681393e-09,1.251072e-08,2.329214e-08,4.337265e-08,8.137070e-08,1.550258e-07,3.020548e-07,6.044802e-07,1.242696e-06,2.613850e-06,5.586039e-06,1.203128e-05,2.591199e-05,5.542381e-05,1.170632e-04,2.430267e-04,4.941032e-04,9.814150e-04,1.902978e-03,3.608171e-03,6.721081e-03,1.238867e-02,2.276292e-02,4.183484e-02,7.670713e-02,1.397651e-01,2.543325e-01,4.695029e-01,8.802661e-01,1.606814e+00,2.660965e+00,3.756866e+00,4.348171e+00,4.060231e+00,3.080970e+00,1.957157e+00,1.097534e+00,5.831812e-01,3.111918e-01,1.692171e-01,9.243561e-02,5.020000e-02,2.714567e-02,1.467486e-02,7.922203e-03
49.7,4.478025e-10,9.015300e-10,1.783541e-09,3.470124e-09,6.648410e-09,1.256749e-08,2.350681e-08,4.368570e-08,8.110972e-08,1.514714e-07,2.866216e-07,5.532182e-07,1.093837e-06,2.216942e-06,4.591197e-06,9.658032e-06,2.048973e-05,4.353110e-05,9.203320e-05,1.925928e-04,3.971256e-04,8.039110e-04,1.593405e-03,3.088833e-03,5.862879e-03,1.093972e-02,2.019601e-02,3.713149e-02,6.819767e-02,1.248700e-01,2.274900e-01,4.160779e-01,7.791731e-01,1.493569e+00,2.788293e+00,4.697127e+00,6.701999e+00,7.790183e+00,7.260247e+00,5.465004e+00,3.422005e+00,1.879773e+00,9.758955e-01,5.114329e-01,2.757691e-01,1.504397e-01,8.180790e-02,4.428884e-02,2.394133e-02,1.290937e-02
52.8,7.000180e-10,1.408913e-09,2.786237e-09,5.417857e-09,1.037075e-08,1.957614e-08,3.653469e-08,6.766175e-08,1.249633e-07,2.315667e-07,4.334741e-07,8.249010e-07,1.603036e-06,3.185647e-06,6.460755e-06,1.330874e-05,2.767509e-05,5.772909e-05,1.200998e-04,2.479366e-04,5.056962e-04,1.015215e-03,2.000097e-03,3.860194e-03,7.299701e-03,1.356103e-02,2.487230e-02,4.528454e-02,8.209213e-02,1.480439e-01,2.655602e-01,4.789876e-01,8.876157e-01,1.691438e+00,3.151232e+00,5.308706e+00,7.580319e+00,8.815499e+00,8.213495e+00,6.177856e+00,3.866809e+00,2.126369e+00,1.108573e+00,5.860740e-01,3.200990e-01,1.772895e-01,9.792367e-02,5.376890e-02,2.939270e-02,1.597221e-02
55.9,9.080696e-10,1.826930e-09,3.610860e-09,7.015458e-09,1.341165e-08,2.526606e-08,4.700914e-08,8.665289e-08,1.589224e-07,2.915487e-07,5.382819e-07,1.006246e-06,1.913681e-06,3.711258e-06,7.334305e-06,1.472021e-05,2.985354e-05,6.084006e-05,1.239351e-04,2.511595e-04,5.042214e-04,9.989902e-04,1.946872e-03,3.722921e-03,6.978363e-03,1.283399e-02,2.322766e-02,4.153339e-02,7.357526e-02,1.291541e-01,2.248729e-01,3.923457e-01,7.005097e-01,1.286559e+00,2.327831e+00,3.848622e+00,5.440536e+00,6.303787e+00,5.882485e+00,4.456936e+00,2.831786e+00,1.596773e+00,8.618108e-01,4.732647e-01,2.676918e-01,1.529401e-01,8.688842e-02,4.890686e-02,2.727714e-02,1.504718e-02
59.0,9.776067e-10,1.965883e-09,3.882866e-09,7.536432e-09,1.438598e-08,2.703929e-08,5.013135e-08,9.191626e-08,1.672484e-07,3.033681e-07,5.514718e-07,1.010303e-06,1.874593e-06,3.534268e-06,6.775758e-06,1.318544e-05,2.594679e-05,5.139100e-05,1.019583e-04,2.017223e-04,3.963842e-04,7.706787e-04,1.477417e-03,2.784083e-03,5.146018e-03,9.322585e-03,1.656722e-02,2.893929e-02,4.978155e-02,8.438500e-02,1.411029e-01,2.345149e-01,3.942002e-01,6.768584e-01,1.153675e+00,1.828953e+00,2.523961e+00,2.897587e+00,2.714761e+00,2.093932e+00,1.377102e+00,8.189662e-01,4.722692e-01,2.766343e-01,1.650095e-01,9.843630e-02,5.803225e-02,3.371374e-02,1.929202e-02,1.085751e-02
62.1,8.735737e-10,1.755758e-09,3.465329e-09,6.718981e-09,1.280562e-08,2.401224e-08,4.436000e-08,8.089673e-08,1.460274e-07,2.618537e-07,4.685072e-07,8.405195e-07,1.519347e-06,2.778025e-06,5.148773e-06,9.671839e-06,1.837417e-05,3.517662e-05,6.758490e-05,1.297772e-04,2.480893e-04,4.704098e-04,8.815663e-04,1.627294e-03,2.949914e-03,5.240012e-03,9.110948e-03,1.550564e-02,2.583991e-02,4.217058e-02,6.741819e-02,1.059951e-01,1.657000e-01,2.603365e-01,4.060560e-01,6.004920e-01,7.938355e-01,8.959029e-01,8.456410e-01,6.737841e-01,4.701104e-01,3.037221e-01,1.919215e-01,1.217915e-01,7.726870e-02,4.838243e-02,2.970065e-02,1.785225e-02,1.050624e-02,6.051405e-03
65.2,6.480105e-10,1.301712e-09,2.567338e-09,4.972826e-09,9.463683e-09,1.770669e-08,3.260316e-08,5.916234e-08,1.060138e-07,1.880958e-07,3.315750e-07,5.830824e-07,1.027337e-06,1.820960e-06,3.257076e-06,5.887467e-06,1.075032e-05,1.978849e-05,3.660493e-05,6.780141e-05,1.252922e-04,2.301689e-04,4.188712e-04,7.524913e-04,1.329912e-03,2.305124e-03,3.908588e-03,6.471726e-03,1.045104e-02,1.644286e-02,2.518126e-02,3.755826e-02,5.479086e-02,7.867013e-02,1.108707e-01,1.497216e-01,1.859777e-01,2.044569e-01,1.952118e-01,1.632565e-01,1.235127e-01,8.818917e-02,6.138876e-02,4.209736e-02,2.831112e-02,1.856454e-02,1.184722e-02,7.361666e-03,4.458609e-03,2.634862e-03
68.3,3.990851e-10,8.012600e-10,1.579244e-09,3.056127e-09,5.808488e-09,1.084712e-08,1.991644e-08,3.598937e-08,6.409127e-08,1.126947e-07,1.961374e-07,3.389223e-07,5.835218e-07,1.004706e-06,1.735877e-06,3.017107e-06,5.281611e-06,9.308912e-06,1.649130e-05,2.928834e-05,5.198365e-05,9.190510e-05,1.613069e-04,2.801017e-04,4.795183e-04,8.064974e-04,1.328217e-03,2.135579e-03,3.343715e-03,5.086545e-03,7.502209e-03,1.071097e-02,1.479805e-02,1.980239e-02,2.563130e-02,3.177120e-02,3.695719e-02,3.944312e-02,3.815473e-02,3.363888e-02,2.757213e-02,2.149019e-02,1.615875e-02,1.176913e-02,8.297356e-03,5.660217e-03,3.740440e-03,2.399077e-03,1.496708e-03,9.104283e-04
71.4,2.040791e-10,4.095385e-10,8.066892e-10,1.559847e-09,2.961415e-09,5.521757e-09,1.011571e-08,1.821894e-08,3.228789e-08,5.637392e-08,9.713009e-08,1.654950e-07,2.795695e-07,4.696132e-07,7.867893e-07,1.318439e-06,2.214490e-06,3.732367e-06,6.311902e-06,1.069751e-05,1.813233e-05,3.065702e-05,5.154943e-05,8.593234e-05,1.415393e-04,2.295487e-04,3.652708e-04,5.683136e-04,8.617028e-04,1.269339e-03,1.811279e-03,2.496954e-03,3.317782e-03,4.241086e-03,5.203679e-03,6.100836e-03,6.781398e-03,7.083302e-03,6.917695e-03,6.331246e-03,5.473701e-03,4.509431e-03,3.560758e-03,2.702726e-03,1.975605e-03,1.393611e-03,9.510980e-04,6.297482e-04,4.057576e-04,2.552215e-04
74.5,8.666113e-11,1.738297e-10,3.422159e-10,6.612739e-10,1.254332e-09,2.335951e-09,4.272095e-09,7.675412e-09,1.355422e-08,2.354401e-08,4.026786e-08,6.790282e-08,1.130838e-07,1.863707e-07,3.046596e-07,4.951674e-07,8.019845e-07,1.296711e-06,2.095381e-06,3.384714e-06,5.461645e-06,8.790706e-06,1.408341e-05,2.240079e-05,3.527230e-05,5.480904e-05,8.376630e-05,1.254836e-04,1.836110e-04,2.615340e-04,3.614563e-04,4.832093e-04,6.230364e-04,7.727544e-04,9.196538e-04,1.047324e-03,1.137793e-03,1.175677e-03,1.153651e-03,1.075788e-03,9.557686e-04,8.115553e-04,6.604877e-04,5.165255e-04,3.891366e-04,2.832000e-04,1.996935e-04,1.368660e-04,9.148188e-05,5.983773e-05
77.6,3.056191e-11,6.127718e-11,1.205774e-10,2.328613e-10,4.413849e-10,8.212289e-10,1.500015e-09,2.690287e-09,4.739139e-09,8.203101e-09,1.395992e-08,2.337482e-08,3.854845e-08,6.269016e-08,1.006863e-07,1.599734e-07,2.518825e-07,3.936957e-07,6.117389e-07,9.459158e-07,1.456127e-06,2.230970e-06,3.398846e-06,5.140983e-06,7.704613e-06,1.141250e-05,1.666218e-05,2.390539e-05,3.359687e-05,4.610421e-05,6.157924e-05,7.980721e-05,1.000704e-04,1.210798e-04,1.410289e-04,1.578006e-04,1.693192e-04,1.739937e-04,1.711307e-04,1.611385e-04,1.454114e-04,1.259546e-04,1.049279e-04,8.425583e-05,6.537867e-05,4.915945e-05,3.592628e-05,2.559851e-05,1.784051e-05,1.220043e-05
80.7,8.951583e-12,1.794116e-11,3.528832e-11,6.811590e-11,1.290373e-10,2.399111e-10,4.378072e-10,7.842548e-10,1.379234e-09,2.381872e-09,4.040437e-09,6.735105e-09,1.103823e-08,1.779882e-08,2.826094e-08,4.423020e-08,6.830873e-08,1.042260e-07,1.572996e-07,2.350631e-07,3.480887e-07,5.110111e-07,7.436981e-07,1.072424e-06,1.530748e-06,2.159586e-06,3.005756e-06,4.118062e-06,5.540071e-06,7.299167e-06,9.392577e-06,1.177267e-05,1.433563e-05,1.691877e-05,1.931114e-05,2.127945e-05,2.260612e-05,2.313166e-05,2.278925e-05,2.162038e-05,1.976547e-05,1.743307e-05,1.485802e-05,1.226096e-05,9.818674e-06,7.649523e-06,5.813299e-06,4.321127e-06,3.150080e-06,2.257897e-06
83.8,2.177765e-12,4.363219e-12,8.578645e-12,1.655197e-11,3.134045e-11,5.823630e-11,1.062011e-10,1.900776e-10,3.339107e-10,5.757996e-10,9.748017e-10,1.620507e-09,2.645999e-09,4.245031e-09,6.694397e-09,1.038264e-08,1.584655e-08,2.381701e-08,3.527593e-08,5.152495e-08,7.426507e-08,1.056817e-07,1.485230e-07,2.061482e-07,2.825099e-07,3.820198e-07,5.092339e-07,6.682986e-07,8.621171e-07,1.091259e-06,1.352735e-06,1.638875e-06,1.936685e-06,2.228072e-06,2.491231e-06,2.703251e-06,2.843560e-06,2.897506e-06,2.859139e-06,2.732414e-06,2.530432e-06,2.272949e-06,1.982873e-06,1.682683e-06,1.391552e-06,1.123665e-06,8.877436e-07,6.875612e-07,5.230188e-07,3.914097e-07
86.9,4.400866e-13,8.814364e-13,1.732406e-12,3.341297e-12,6.323965e-12,1.174562e-11,2.140819e-11,3.829212e-11,6.721675e-11,1.157985e-10,1.958001e-10,3.249713e-10,5.294812e-10,8.470261e-10,1.330667e-09,2.053402e-09,3.113415e-09,4.639842e-09,6.798787e-09,9.799128e-09,1.389737e-08,1.940041e-08,2.666441e-08,3.608739e-08,4.809227e-08,6.309669e-08,8.146625e-08,1.034491e-07,1.290937e-07,1.581561e-07,1.900119e-07,2.235938e-07,2.573810e-07,2.894652e-07,3.177060e-07,3.399679e-07,3.544055e-07,3.597428e-07,3.554814e-07,3.419873e-07,3.204314e-07,2.926004e-07,2.606239e-07,2.266824e-07,1.927541e-07,1.604407e-07,1.308851e-07,1.047709e-07,8.238027e-08,6.368303e-08
90.0,7.387539e-14,1.479181e-13,2.906301e-13,5.603481e-13,1.060165e-12,1.968287e-12,3.585949e-12,6.410958e-12,1.124733e-11,1.936380e-11,3.271571e-11,5.424524e-11,8.827273e-11,1.409868e-10,2.210306e-10,3.401675e-10,5.139882e-10,7.625980e-10,1.111195e-09,1.590420e-09,2.236329e-09,3.089810e-09,4.195259e-09,5.598290e-09,7.342310e-09,9.463828e-09,1.198651e-08,1.491422e-08,1.822358e-08,2.185712e-08,2.571818e-08,2.966949e-08,3.353678e-08,3.711870e-08,4.020305e-08,4.258809e-08,4.410587e-08,4.464373e-08,4.415976e-08,4.268884e-08,4.033800e-08,3.727203e-08,3.369232e-08,2.981324e-08,2.584003e-08,2.195154e-08,1.828941e-08,1.495370e-08,1.200412e-08,9.465031e-09
